{
    "stat": {
        "ru_self_cgstart": {
            "ru_maxrss_kb": 105612,
            "ru_utime_sec": 0.028542000000000001,
            "ru_stime_sec": 0.10770200000000001,
            "ru_minflt": 8660,
            "ru_majflt": 171,
            "ru_nvcsw": 158,
            "ru_nivcsw": 6
        },
        "nQuads": 1608,
        "Frontend(%)": 95.268062447053111,
        "outputSizePerQuad": 79.526119402985074,
        "ru_childs_cgstart": {
            "ru_maxrss_kb": 105612,
            "ru_utime_sec": 0.010817999999999999,
            "ru_stime_sec": 0.124676,
            "ru_minflt": 4778,
            "ru_majflt": 261,
            "ru_nvcsw": 238,
            "ru_nivcsw": 11
        },
        "realTime": 2.8332340717315674,
        "cpu_cycles_cgstart": 1625645163234,
        "nMops": 4138,
        "totalObjSize": 127878,
        "ru_self_end": {
            "ru_maxrss_kb": 112552,
            "ru_utime_sec": 0.028542000000000001,
            "ru_stime_sec": 0.15775500000000001,
            "ru_minflt": 9714,
            "ru_majflt": 247,
            "ru_nvcsw": 206,
            "ru_nivcsw": 7
        },
        "cpu_cycles_end": 1628297030879,
        "ru_childs_end": {
            "ru_maxrss_kb": 105612,
            "ru_utime_sec": 0.012773,
            "ru_stime_sec": 0.124676,
            "ru_minflt": 5007,
            "ru_majflt": 261,
            "ru_nvcsw": 239,
            "ru_nivcsw": 11
        },
        "cpu_cycles_total": 8975042396,
        "CodeGen(%)": 4.7319375529468841,
        "peak_mem_kb": 225256
    },
    "rlimit": {
        "data": -1,
        "stack": -1
    },
    "cycles_program_begin": 1619321988483,
    "PEModules": [],
    "CurCompileModules": [
        "...MASTER...",
        "std",
        "tb_add",
        "tb_add"
    ],
    "CurCompileUdps": {},
    "PrevCompiledModules": {
        "std": {
            "reYIK_d": {
                "mod": "std",
                "bytes": 35164,
                "mode": 4,
                "out": "reYIK_d.o",
                "archive": "archive.3/_prev_archive_1.a",
                "checksum": 0
            }
        },
        "...MASTER...": {
            "amcQw_d": {
                "mod": "...MASTER...",
                "bytes": 7652,
                "mode": 4,
                "out": "objs/amcQw_d.o",
                "checksum": 0
            }
        },
        "tb_add": {
            "tTEZu_d": {
                "mod": "tb_add",
                "bytes": 22104,
                "archive": "archive.3/_5853_archive_1.a",
                "checksum": 0,
                "out": "tTEZu_d.o",
                "mode": 4
            }
        }
    },
    "perf": [
        {
            "stat": [
                "main",
                "entry",
                0.021553993225097656,
                0.026505999999999998,
                0.015146,
                200664,
                200664,
                0.0,
                0.0,
                1669470466.110261,
                1619322314460
            ],
            "sub": [
                {
                    "stat": [
                        "doParsingAndDesignResolution",
                        "entry",
                        0.14523911476135254,
                        0.028073000000000001,
                        0.027754999999999998,
                        209612,
                        210412,
                        0.0,
                        0.0,
                        1669470466.2339461,
                        1619717075504
                    ],
                    "sub": []
                },
                {
                    "stat": [
                        "doParsingAndDesignResolution",
                        "exit",
                        0.15014410018920898,
                        0.028073000000000001,
                        0.032660000000000002,
                        209956,
                        210604,
                        0.0,
                        0.0,
                        1669470466.2388511,
                        1619732774495
                    ],
                    "sub": []
                },
                {
                    "stat": [
                        "doPostDesignResolutionToVir2Vcs",
                        "entry",
                        0.15045595169067383,
                        0.028073000000000001,
                        0.032972000000000001,
                        209956,
                        210604,
                        0.0,
                        0.0,
                        1669470466.2391629,
                        1619733704548
                    ],
                    "sub": [
                        {
                            "stat": [
                                "doUptoVir2VcsNoSepCleanup",
                                "entry",
                                0.25030803680419922,
                                0.028542000000000001,
                                0.036697,
                                211236,
                                211236,
                                0.0,
                                0.0,
                                1669470466.339015,
                                1620052514546
                            ],
                            "sub": []
                        },
                        {
                            "stat": [
                                "doUptoVir2VcsNoSepCleanup",
                                "exit",
                                0.81721091270446777,
                                0.028542000000000001,
                                0.094972000000000001,
                                212920,
                                225256,
                                0.0074809999999999998,
                                0.0025959999999999998,
                                1669470466.9059179,
                                1621862026934
                            ],
                            "sub": []
                        },
                        {
                            "stat": [
                                "doRadify_vir2vcsAll",
                                "entry",
                                0.81775212287902832,
                                0.028542000000000001,
                                0.095515000000000003,
                                212920,
                                225256,
                                0.0074809999999999998,
                                0.0025959999999999998,
                                1669470466.9064591,
                                1621863708076
                            ],
                            "sub": []
                        },
                        {
                            "stat": [
                                "doRadify_vir2vcsAll",
                                "exit",
                                0.86467599868774414,
                                0.028542000000000001,
                                0.105222,
                                213828,
                                225256,
                                0.0074809999999999998,
                                0.0025959999999999998,
                                1669470466.953383,
                                1622013570030
                            ],
                            "sub": []
                        }
                    ]
                },
                {
                    "stat": [
                        "doPostDesignResolutionToVir2Vcs",
                        "exit",
                        0.86473608016967773,
                        0.028542000000000001,
                        0.105282,
                        213828,
                        225256,
                        0.0074809999999999998,
                        0.0025959999999999998,
                        1669470466.9534431,
                        1622013688108
                    ],
                    "sub": []
                },
                {
                    "stat": [
                        "doGAToPass2",
                        "entry",
                        0.86475896835327148,
                        0.028542000000000001,
                        0.105306,
                        213828,
                        225256,
                        0.0074809999999999998,
                        0.0025959999999999998,
                        1669470466.9534659,
                        1622013732306
                    ],
                    "sub": [
                        {
                            "stat": [
                                "DoPass2",
                                "entry",
                                1.9867291450500488,
                                0.028542000000000001,
                                0.107478,
                                212272,
                                225256,
                                0.010817999999999999,
                                0.124676,
                                1669470468.0754361,
                                1625595172417
                            ],
                            "sub": []
                        },
                        {
                            "stat": [
                                "DoPass2",
                                "exit",
                                2.8307719230651855,
                                0.028542000000000001,
                                0.155308,
                                216720,
                                225256,
                                0.012773,
                                0.124676,
                                1669470468.9194789,
                                1628289386554
                            ],
                            "sub": []
                        }
                    ]
                },
                {
                    "stat": [
                        "doGAToPass2",
                        "exit",
                        2.8329911231994629,
                        0.028542000000000001,
                        0.157527,
                        216720,
                        225256,
                        0.012773,
                        0.124676,
                        1669470468.9216981,
                        1628296354070
                    ],
                    "sub": []
                }
            ]
        },
        {
            "stat": [
                "main",
                "exit",
                2.8331890106201172,
                0.028542000000000001,
                0.157725,
                216720,
                225256,
                0.012773,
                0.124676,
                1669470468.921896,
                1628296971559
            ],
            "sub": []
        }
    ],
    "LVLData": [
        "SIM"
    ],
    "NameTable": {
        "std": [
            "std",
            "reYIK",
            "module",
            1
        ],
        "tb_add": [
            "tb_add",
            "tTEZu",
            "module",
            2
        ],
        "...MASTER...": [
            "SIM",
            "amcQw",
            "module",
            3
        ]
    },
    "MlibObjs": {},
    "incremental": "on",
    "CompileStrategy": "fullobj",
    "Misc": {
        "vcs_version": "O-2018.09-SP2_Full64",
        "vcs_build_date": "Build Date = Feb 28 2019 22:34:30",
        "master_pid": 5853,
        "VCS_HOME": "/home/mjh/IC_EDA/Synopsys/vcs2018/vcs/O-2018.09-SP2",
        "csrc_abs": "/home/mjh/IC_Experient/add/csrc",
        "cwd": "/home/mjh/IC_Experient/add",
        "hostname": "",
        "csrc": "csrc",
        "daidir": "simv.daidir",
        "daidir_abs": "/home/mjh/IC_Experient/add/simv.daidir",
        "default_output_dir": "csrc",
        "archive_dir": "archive.3"
    },
    "cpu_cycles_pass2_start": 1625595185530,
    "CompileProcesses": [
        "cgproc.5853.json"
    ],
    "SIMBData": {
        "archive": "archive.3/_5853_archive_1.a",
        "out": "amcQwB.o",
        "bytes": 105774,
        "text": 0
    },
    "CompileStatus": "Successful"
}