{
    "rlimit": {
        "stack": -1,
        "data": -1
    },
    "cycles_program_begin": 2131688663618,
    "stat": {
        "cpu_cycles_cgstart": 2132236005667,
        "ru_self_cgstart": {
            "ru_utime_sec": 0.038281000000000003,
            "ru_nivcsw": 3,
            "ru_stime_sec": 0.021333999999999999,
            "ru_maxrss_kb": 105716,
            "ru_nvcsw": 28,
            "ru_majflt": 6,
            "ru_minflt": 8709
        },
        "ru_childs_cgstart": {
            "ru_utime_sec": 0.014069999999999999,
            "ru_nivcsw": 1,
            "ru_stime_sec": 0.0039399999999999999,
            "ru_maxrss_kb": 105716,
            "ru_nvcsw": 18,
            "ru_majflt": 0,
            "ru_minflt": 3424
        },
        "nMops": 2099,
        "ru_self_end": {
            "ru_utime_sec": 0.049473999999999997,
            "ru_nivcsw": 3,
            "ru_stime_sec": 0.032613000000000003,
            "ru_maxrss_kb": 115312,
            "ru_nvcsw": 32,
            "ru_majflt": 10,
            "ru_minflt": 10337
        },
        "outputSizePerQuad": 244.53185595567868,
        "nQuads": 722,
        "ru_childs_end": {
            "ru_utime_sec": 0.016049000000000001,
            "ru_nivcsw": 1,
            "ru_stime_sec": 0.0039399999999999999,
            "ru_maxrss_kb": 105744,
            "ru_nvcsw": 19,
            "ru_majflt": 0,
            "ru_minflt": 3653
        },
        "totalObjSize": 176552,
        "Frontend(%)": 79.897135357050203,
        "CodeGen(%)": 20.1028646429498,
        "cpu_cycles_end": 2132361180736,
        "mopSpeed": 159353.17339811727,
        "realTime": 0.22165393829345703,
        "mop/quad": 2.9072022160664819,
        "cpu_cycles_total": 672517118,
        "quadSpeed": 54813.240206498653,
        "peak_mem_kb": 225232
    },
    "LVLData": [
        "SIM"
    ],
    "perf": [
        {
            "sub": [
                {
                    "sub": [],
                    "stat": [
                        "doParsingAndDesignResolution",
                        "entry",
                        0.12856197357177734,
                        0.026644999999999999,
                        0.013322000000000001,
                        209576,
                        210376,
                        0.0,
                        0.0,
                        1669470626.7435551,
                        2132064140430
                    ]
                },
                {
                    "sub": [],
                    "stat": [
                        "doParsingAndDesignResolution",
                        "exit",
                        0.1310269832611084,
                        0.02785,
                        0.014566000000000001,
                        209920,
                        210568,
                        0.0,
                        0.0,
                        1669470626.7460201,
                        2132072022117
                    ]
                },
                {
                    "sub": [
                        {
                            "sub": [],
                            "stat": [
                                "doUptoVir2VcsNoSepCleanup",
                                "entry",
                                0.1336209774017334,
                                0.02785,
                                0.017177000000000001,
                                211204,
                                211204,
                                0.0,
                                0.0,
                                1669470626.7486141,
                                2132080283674
                            ]
                        },
                        {
                            "sub": [],
                            "stat": [
                                "doUptoVir2VcsNoSepCleanup",
                                "exit",
                                0.16028881072998047,
                                0.034104000000000002,
                                0.021315000000000001,
                                212896,
                                225232,
                                0.0,
                                0.0,
                                1669470626.7752819,
                                2132165451082
                            ]
                        },
                        {
                            "sub": [],
                            "stat": [
                                "doRadify_vir2vcsAll",
                                "entry",
                                0.16033697128295898,
                                0.034134999999999999,
                                0.021333999999999999,
                                212896,
                                225232,
                                0.0,
                                0.0,
                                1669470626.7753301,
                                2132165529169
                            ]
                        },
                        {
                            "sub": [],
                            "stat": [
                                "doRadify_vir2vcsAll",
                                "exit",
                                0.16276192665100098,
                                0.036559000000000001,
                                0.021333999999999999,
                                213792,
                                225232,
                                0.0,
                                0.0,
                                1669470626.777755,
                                2132173302648
                            ]
                        }
                    ],
                    "stat": [
                        "doPostDesignResolutionToVir2Vcs",
                        "entry",
                        0.13169384002685547,
                        0.02785,
                        0.01525,
                        210052,
                        210568,
                        0.0,
                        0.0,
                        1669470626.7466869,
                        2132074163014
                    ]
                },
                {
                    "sub": [],
                    "stat": [
                        "doPostDesignResolutionToVir2Vcs",
                        "exit",
                        0.16278481483459473,
                        0.036582000000000003,
                        0.021333999999999999,
                        213792,
                        225232,
                        0.0,
                        0.0,
                        1669470626.7777779,
                        2132173340017
                    ]
                },
                {
                    "sub": [
                        {
                            "sub": [],
                            "stat": [
                                "DoPass2",
                                "entry",
                                0.18237400054931641,
                                0.038232000000000002,
                                0.021333999999999999,
                                212236,
                                225232,
                                0.014069999999999999,
                                0.0039399999999999999,
                                1669470626.7973671,
                                2132235940813
                            ]
                        },
                        {
                            "sub": [],
                            "stat": [
                                "DoPass2",
                                "exit",
                                0.21967196464538574,
                                0.049473999999999997,
                                0.030646,
                                220624,
                                225232,
                                0.016049000000000001,
                                0.0039399999999999999,
                                1669470626.8346651,
                                2132354957913
                            ]
                        }
                    ],
                    "stat": [
                        "doGAToPass2",
                        "entry",
                        0.1627960205078125,
                        0.036594000000000002,
                        0.021333999999999999,
                        213792,
                        225232,
                        0.0,
                        0.0,
                        1669470626.7777891,
                        2132173369610
                    ]
                },
                {
                    "sub": [],
                    "stat": [
                        "doGAToPass2",
                        "exit",
                        0.22132182121276855,
                        0.049473999999999997,
                        0.032295999999999998,
                        220624,
                        225232,
                        0.016049000000000001,
                        0.0039399999999999999,
                        1669470626.8363149,
                        2132360224480
                    ]
                }
            ],
            "stat": [
                "main",
                "entry",
                0.01101994514465332,
                0.019765000000000001,
                0.011859,
                200572,
                200572,
                0.0,
                0.0,
                1669470626.626013,
                2131688988277
            ]
        },
        {
            "sub": [],
            "stat": [
                "main",
                "exit",
                0.22160601615905762,
                0.049473999999999997,
                0.032580999999999999,
                220624,
                225232,
                0.016049000000000001,
                0.0039399999999999999,
                1669470626.8365991,
                2132361115473
            ]
        }
    ],
    "MlibObjs": {},
    "CompileProcesses": [
        "cgproc.6920.json"
    ],
    "Misc": {
        "vcs_version": "O-2018.09-SP2_Full64",
        "vcs_build_date": "Build Date = Feb 28 2019 22:34:30",
        "cwd": "/home/mjh/IC_Experient/add",
        "daidir_abs": "/home/mjh/IC_Experient/add/simv.daidir",
        "hostname": "",
        "master_pid": 6920,
        "VCS_HOME": "/home/mjh/IC_EDA/Synopsys/vcs2018/vcs/O-2018.09-SP2",
        "csrc_abs": "/home/mjh/IC_Experient/add/csrc",
        "csrc": "csrc",
        "daidir": "simv.daidir",
        "default_output_dir": "csrc",
        "archive_dir": "archive.4"
    },
    "CompileStrategy": "fullobj",
    "SIMBData": {
        "bytes": 101020,
        "out": "amcQwB.o",
        "text": 0,
        "archive": "archive.4/_6920_archive_1.a"
    },
    "PrevCompiledModules": {
        "std": {
            "reYIK_d": {
                "out": "reYIK_d.o",
                "bytes": 35164,
                "archive": "archive.4/_6920_archive_1.a",
                "mod": "std",
                "mode": 4,
                "checksum": 0
            }
        },
        "tb_add": {
            "tTEZu_d": {
                "out": "tTEZu_d.o",
                "bytes": 22104,
                "archive": "archive.4/_6920_archive_1.a",
                "mod": "tb_add",
                "mode": 4,
                "checksum": 0
            }
        },
        "...MASTER...": {
            "amcQw_d": {
                "out": "objs/amcQw_d.o",
                "bytes": 7652,
                "mod": "...MASTER...",
                "mode": 4,
                "checksum": 0
            }
        }
    },
    "cpu_cycles_pass2_start": 2132235951620,
    "NameTable": {
        "std": [
            "std",
            "reYIK",
            "module",
            1
        ],
        "...MASTER...": [
            "SIM",
            "amcQw",
            "module",
            3
        ],
        "tb_add": [
            "tb_add",
            "tTEZu",
            "module",
            2
        ]
    },
    "CurCompileUdps": {},
    "incremental": "on",
    "CurCompileModules": [
        "...MASTER...",
        "...MASTER...",
        "std",
        "std",
        "tb_add",
        "tb_add"
    ],
    "PEModules": [],
    "CompileStatus": "Successful"
}