{
    "Modules": {
        "tb_add": {
            "start_perf": [
                0.19330191612243652,
                0.044137999999999997,
                0.024074999999999999,
                218960,
                225232,
                1669470626.808295,
                2132270752927
            ],
            "Compiled": "Yes",
            "child_modules": {},
            "Compiled Times": 5,
            "significant_routs": [
                [
                    13,
                    "R_VCSgd_tTEZu_d",
                    33576132,
                    161,
                    16
                ],
                [
                    16,
                    "R_VCSgd_tTEZu_10",
                    3409901,
                    1942,
                    282
                ],
                [
                    17,
                    "R_VCSgd_tTEZu_11",
                    2969916,
                    2073,
                    300
                ],
                [
                    26,
                    "R_VCSgd_tTEZu_1a",
                    15340752,
                    318,
                    52
                ]
            ],
            "end_perf": [
                0.21788692474365234,
                0.049473999999999997,
                0.02886,
                220624,
                225232,
                2132349317857,
                21474836481,
                0
            ],
            "nMops": 1571,
            "nQuads": 504,
            "nRouts": 35
        },
        "...MASTER...": {
            "start_perf": [
                0.18245601654052734,
                0.038316000000000003,
                0.021333999999999999,
                212236,
                225232,
                1669470626.7974491,
                2132236147332
            ],
            "child_modules": {
                "std": 1,
                "tb_add": 1
            },
            "nMops": 0,
            "end_perf": [
                0.1867828369140625,
                0.038559000000000003,
                0.023134999999999999,
                214656,
                225232,
                2132249997628,
                0,
                0
            ],
            "nQuads": 0,
            "nRouts": 5
        },
        "std": {
            "start_perf": [
                0.18691086769104004,
                0.038637999999999999,
                0.023182999999999999,
                214656,
                225232,
                1669470626.801904,
                2132250365627
            ],
            "Compiled": "Yes",
            "child_modules": {},
            "Compiled Times": 5,
            "end_perf": [
                0.19326186180114746,
                0.044110999999999997,
                0.024060999999999999,
                218960,
                225232,
                2132270678298,
                8589934594,
                0
            ],
            "nMops": 528,
            "svclass": [
                "$vcs_nba_dyn_obj",
                576,
                35,
                2,
                2,
                0,
                "sigprop$$",
                576,
                35,
                2,
                2,
                0,
                "process",
                2380,
                200,
                8,
                8,
                0,
                "event",
                597,
                34,
                2,
                2,
                0,
                "mailbox",
                1769,
                140,
                9,
                9,
                0,
                "semaphore",
                1119,
                84,
                5,
                5,
                0
            ],
            "nQuads": 218,
            "nRouts": 33
        }
    },
    "reusePaths": {},
    "CompUnits": {
        "tTEZu_d": {
            "archive": "archive.4/_6920_archive_1.a",
            "mod": "tb_add",
            "bytes": 24708,
            "out": "tTEZu_d.o",
            "mode": 4,
            "text": 11446,
            "checksum": 0
        },
        "amcQw_d": {
            "mod": "...MASTER...",
            "bytes": 7824,
            "out": "objs/amcQw_d.o",
            "mode": 4,
            "text": 434,
            "checksum": 0
        },
        "reYIK_d": {
            "archive": "archive.4/_6920_archive_1.a",
            "mod": "std",
            "bytes": 43000,
            "out": "reYIK_d.o",
            "mode": 4,
            "text": 7325,
            "checksum": 0,
            "cls": 7017
        }
    },
    "ObjArchives": [
        {
            "archive": "archive.4/_6920_archive_1.a",
            "objects": [
                [
                    "reYIK_d.o",
                    43000
                ],
                [
                    "tTEZu_d.o",
                    24708
                ],
                [
                    "amcQwB.o",
                    101020
                ]
            ],
            "size": 168728
        }
    ],
    "stat": {
        "ru_self_end": {
            "ru_utime_sec": 0.049473999999999997,
            "ru_nivcsw": 3,
            "ru_stime_sec": 0.032382000000000001,
            "ru_maxrss_kb": 115312,
            "ru_nvcsw": 32,
            "ru_majflt": 10,
            "ru_minflt": 10337
        },
        "ru_childs_end": {
            "ru_utime_sec": 0.016049000000000001,
            "ru_nivcsw": 1,
            "ru_stime_sec": 0.0039399999999999999,
            "ru_maxrss_kb": 105744,
            "ru_nvcsw": 19,
            "ru_majflt": 0,
            "ru_minflt": 3653
        },
        "cpu_cycles_end": 2132360447249,
        "peak_mem_kb": 225232
    }
}